email,name,age,country,verified
qwbpoed@test.com,RNdjh61D,21,Canada,False
uwncoge@test.com,jNFSHVIZ,35,Australia,False
ootmzv@sample.com,5QCImIbW,63,Australia,False
mdpamzd@test.com,nAKelhEG,20,UK,False
stfkekpyv@test.com,eZ2I6lzG,65,UK,False
vsbgj@sample.com,4ihIOBMi,44,Australia,False
kyfcgvbka@sample.com,KAr39ZMS,60,UK,False
incoqr@demo.com,puwdTSnF,55,Canada,False
gssbhxe@demo.com,WBiBr7c8,59,UK,False
zhtdah@test.com,DNxVSkuR,58,USA,False
hvovphnw@test.com,mWnaLsgG,37,Canada,False
hsxjjh@demo.com,9OhHQ4F2,51,Australia,False
muvcsnyzu@demo.com,2MgZtiZ1,18,USA,False
smuytinvq@demo.com,xiL7dPDd,22,USA,False
myggytvhd@test.com,EtTfKFx7,44,Australia,False
cvbqw@sample.com,1LBfaH13,33,USA,False
nfkxjmiwun@demo.com,izifdSHg,45,Australia,False
xlvproqu@demo.com,GsovFRHX,64,Australia,False
iplnujb@test.com,vlDLosTR,47,UK,False
oodinceq@demo.com,Avo5wj6O,43,USA,False
aetubyhe@demo.com,RoRmZdpR,36,UK,False
frcnngqub@example.com,xfplRgIJ,47,USA,False
umkgkwi@example.com,EoCmXPsT,43,USA,False
ahuejnji@test.com,oNGvqPXs,35,USA,False
bwpsdqxter@sample.com,RfaePBuZ,56,Australia,False
cjbstfdopo@example.com,1xd3Ibyk,27,Australia,False
edjbautifw@sample.com,UaWcWrHR,43,Australia,False
aufaunk@example.com,XF07qihi,31,UK,False
mdnyf@test.com,NV0vaROF,53,UK,False
qzlkue@test.com,8Gx3Yw9P,58,Canada,False
bkzbyj@demo.com,4EkairOx,41,USA,False
aniavl@demo.com,VtMAhO7p,36,USA,False
rtpkslwftm@example.com,tJMp8Jmc,45,USA,False
jravxvvoy@example.com,Z9d0MTkV,34,Australia,False
oymylwmzbs@sample.com,veJY9Qx2,64,Canada,False
kcmjeqdabn@example.com,T6Lvo5Je,47,UK,False
zleshqo@example.com,hnNS6PUD,44,Canada,False
ganwoqdc@example.com,4XCYoLF5,61,UK,False
gwhgbg@example.com,vqICkCAG,42,USA,False
ytlzd@test.com,GyCbFv0X,36,USA,False
stpgup@sample.com,0biDg9mV,50,Australia,False
vrpklqj@demo.com,PbkzZk5g,27,USA,False
cvobdnofon@sample.com,FUhqj7YQ,38,Australia,False
ukoplyghg@example.com,qMBwO00M,65,UK,False
vhgicrf@sample.com,18eX3GlS,49,UK,False
jmuvju@demo.com,hPpJGhfB,23,Canada,False
xmwknnyyk@demo.com,nPFZWXjG,25,Australia,False
rzthkniea@test.com,hmzitysQ,65,Australia,False
founder@legistech.dev, Kagjk,46, PK,True
bsxtcwdsd@sample.com,w7RdKSU5,50,Australia,False
dzwjsd@example.com,hePzj6FJ,64,UK,False
tqwipzg@example.com,cmlxAhF4,57,Canada,False
ywomxmu@sample.com,MDtDvxAx,36,Canada,False
wzckyyzsjp@demo.com,ZiH5rvIz,53,Canada,False
pfnkegwzej@test.com,bD230oXL,53,Australia,False
bvwodtj@sample.com,2WzsaV8y,29,Australia,False
gnvvq@test.com,yyzPuoLz,27,USA,False
nfubsi@sample.com,lPRce5GU,23,Canada,False
npirskyh@sample.com,c4MO95sC,49,Australia,False
sobbles@example.com,TORdXQoP,19,Australia,False
gqilwwuzr@test.com,q4cFj1Ar,42,Canada,False
hnjctvd@test.com,qYtQXAVG,34,USA,False
uyjvujyk@test.com,7qpJkp5K,34,UK,False
nzsfoqecl@example.com,CFGUqqn1,29,USA,False
yigpgc@example.com,99unNQiX,41,USA,False
gpbvnr@example.com,qHd23LIf,62,USA,False
tmpfupek@example.com,8bLChDUz,61,Canada,False
nsnomubz@demo.com,H4Lb3eq9,32,Australia,False
enkbijfww@example.com,igk7yVQa,24,Canada,False
cfakll@example.com,u8I3POSl,22,UK,False
dkzolpbso@sample.com,JEbZiKu1,62,Australia,False
cvuxcnqqau@demo.com,uoMVyQco,42,UK,False
qcuvn@example.com,aQvEXkuf,27,UK,False
ybpaoenpz@test.com,vmxyCaXJ,46,UK,False
ltxotbvwj@test.com,KoumBT7A,54,Australia,False
otfkgsxyw@test.com,j11ToJsd,18,Australia,False
yagkbsh@sample.com,QcFkLXIj,31,UK,False
hyedq@test.com,1u1zzVN5,58,USA,False
cutndhaj@example.com,hfAATesX,24,UK,False
isjgdfkzxp@example.com,ebrHbiEo,58,Australia,False
psjtzcmtgz@example.com,UGk3MT0M,60,USA,False
avkkej@sample.com,JMXfcpYQ,43,USA,False
iedbzokd@demo.com,FeJOOuL3,35,USA,False
bpbhoyt@demo.com,IqJRnrHA,54,Australia,False
wjctr@test.com,etJOhtMe,46,Canada,False
csbjrbme@example.com,aZcVYzVp,65,UK,False
zgpaqp@test.com,sNWpSIFO,34,USA,False
uzbpug@demo.com,x1H2SVRo,61,Australia,False
wumxxrov@test.com,OtJfiYh3,22,USA,False
xghwikgsx@test.com,Zb5DZqiX,42,Australia,False
xyrvxuaoin@demo.com,2v78kEW8,25,USA,False
wfcjcx@demo.com,VZSYsVCr,32,Canada,False
jwugjwf@example.com,GNlrENeO,41,Australia,False
tijgwflqed@demo.com,A7X9cPoF,44,USA,False
rmjpc@example.com,NpiRrIgJ,48,Australia,False
zjxkgjse@example.com,EjfkLpYK,36,Canada,False
btqhag@example.com,1b7Zb91L,54,USA,False
pkuirsk@example.com,fMClfBvm,63,Australia,False
pbmgndk@example.com,ZeG0VvkG,50,Australia,False
bleoczkhpt@example.com,5LULCILM,63,Canada,False
pntii@example.com,OGVxONlj,29,Canada,False
