email,name,age,country
zjxkgjse@example.com,EjfkLpYK,36,Canada
ybpaoenpz@test.com,vmxyCaXJ,46,UK
yagkbsh@sample.com,QcFkLXIj,31,UK
xyrvxuaoin@demo.com,2v78kEW8,25,USA
pbmgndk@example.com,ZeG0VvkG,50,Australia
tijgwflqed@demo.com,A7X9cPoF,44,USA
wumxxrov@test.com,OtJfiYh3,22,USA
qwbpoed@test.com,RNdjh61D,21,Canada
umkgkwi@example.com,EoCmXPsT,43,USA
uwncoge@test.com,jNFSHVIZ,35,Australia
incoqr@demo.com,puwdTSnF,55,Canada
mdpamzd@test.com,nAKelhEG,20,UK
nfkxjmiwun@demo.com,izifdSHg,45,Australia
smuytinvq@demo.com,xiL7dPDd,22,USA
hvovphnw@test.com,mWnaLsgG,37,Canada
kcmjeqdabn@example.com,T6Lvo5Je,47,UK
aetubyhe@demo.com,RoRmZdpR,36,UK
ganwoqdc@example.com,4XCYoLF5,61,UK
ahuejnji@test.com,oNGvqPXs,35,USA
edjbautifw@sample.com,UaWcWrHR,43,Australia
mdnyf@test.com,NV0vaROF,53,UK
sobbles@example.com,TORdXQoP,19,Australia
oymylwmzbs@sample.com,veJY9Qx2,64,Canada
nzsfoqecl@example.com,CFGUqqn1,29,USA
ytlzd@test.com,GyCbFv0X,36,USA
tmpfupek@example.com,8bLChDUz,61,Canada
vhgicrf@sample.com,18eX3GlS,49,UK
rzthkniea@test.com,hmzitysQ,65,Australia
cutndhaj@example.com,hfAATesX,24,UK
isjgdfkzxp@example.com,ebrHbiEo,58,Australia
gnvvq@test.com,yyzPuoLz,27,USA
csbjrbme@example.com,aZcVYzVp,65,UK
uyjvujyk@test.com,7qpJkp5K,34,UK
jwugjwf@example.com,GNlrENeO,41,Australia
btqhag@example.com,1b7Zb91L,54,USA
pkuirsk@example.com,fMClfBvm,63,Australia
otfkgsxyw@test.com,j11ToJsd,18,Australia
uzbpug@demo.com,x1H2SVRo,61,Australia
wfcjcx@demo.com,VZSYsVCr,32,Canada
wjctr@test.com,etJOhtMe,46,Canada
pntii@example.com,OGVxONlj,29,Canada
cjbstfdopo@example.com,1xd3Ibyk,27,Australia
ootmzv@sample.com,5QCImIbW,63,Australia
stfkekpyv@test.com,eZ2I6lzG,65,UK
aufaunk@example.com,XF07qihi,31,UK
muvcsnyzu@demo.com,2MgZtiZ1,18,USA
kyfcgvbka@sample.com,KAr39ZMS,60,UK
zhtdah@test.com,DNxVSkuR,58,USA
rtpkslwftm@example.com,tJMp8Jmc,45,USA
cvbqw@sample.com,1LBfaH13,33,USA
iplnujb@test.com,vlDLosTR,47,UK
ukoplyghg@example.com,qMBwO00M,65,UK
bkzbyj@demo.com,4EkairOx,41,USA
dzwjsd@example.com,hePzj6FJ,64,UK
aniavl@demo.com,VtMAhO7p,36,USA
vrpklqj@demo.com,PbkzZk5g,27,USA
founder@legistech.dev, Kagjk, 46, PK
gpbvnr@example.com,qHd23LIf,62,USA
stpgup@sample.com,0biDg9mV,50,Australia
enkbijfww@example.com,igk7yVQa,24,Canada
wzckyyzsjp@demo.com,ZiH5rvIz,53,Canada
bsxtcwdsd@sample.com,w7RdKSU5,50,Australia
ywomxmu@sample.com,MDtDvxAx,36,Canada
bvwodtj@sample.com,2WzsaV8y,29,Australia
npirskyh@sample.com,c4MO95sC,49,Australia
hnjctvd@test.com,qYtQXAVG,34,USA
cvuxcnqqau@demo.com,uoMVyQco,42,UK
iedbzokd@demo.com,FeJOOuL3,35,USA
bpbhoyt@demo.com,IqJRnrHA,54,Australia
ltxotbvwj@test.com,KoumBT7A,54,Australia
hyedq@test.com,1u1zzVN5,58,USA
avkkej@sample.com,JMXfcpYQ,43,USA
bleoczkhpt@example.com,5LULCILM,63,Canada
zgpaqp@test.com,sNWpSIFO,34,USA
xghwikgsx@test.com,Zb5DZqiX,42,Australia
oodinceq@demo.com,Avo5wj6O,43,USA
xlvproqu@demo.com,GsovFRHX,64,Australia
frcnngqub@example.com,xfplRgIJ,47,USA
gssbhxe@demo.com,WBiBr7c8,59,UK
hsxjjh@demo.com,9OhHQ4F2,51,Australia
vsbgj@sample.com,4ihIOBMi,44,Australia
hsbazr@icloud.com, 5kjkggaG, 55, IN
jravxvvoy@example.com,Z9d0MTkV,34,Australia
myggytvhd@test.com,EtTfKFx7,44,Australia
zleshqo@example.com,hnNS6PUD,44,Canada
gwhgbg@example.com,vqICkCAG,42,USA
bwpsdqxter@sample.com,RfaePBuZ,56,Australia
tqwipzg@example.com,cmlxAhF4,57,Canada
qzlkue@test.com,8Gx3Yw9P,58,Canada
hsbazr@gmail.com, 57GAGG, 66, Canada
jmuvju@demo.com,hPpJGhfB,23,Canada
yigpgc@example.com,99unNQiX,41,USA
xmwknnyyk@demo.com,nPFZWXjG,25,Australia
cvobdnofon@sample.com,FUhqj7YQ,38,Australia
cfakll@example.com,u8I3POSl,22,UK
qcuvn@example.com,aQvEXkuf,27,UK
psjtzcmtgz@example.com,UGk3MT0M,60,USA
pfnkegwzej@test.com,bD230oXL,53,Australia
nfubsi@sample.com,lPRce5GU,23,Canada
gqilwwuzr@test.com,q4cFj1Ar,42,Canada
nsnomubz@demo.com,H4Lb3eq9,32,Australia
rmjpc@example.com,NpiRrIgJ,48,Australia
dkzolpbso@sample.com,JEbZiKu1,62,Australia
